Band;List A;List B;
1;alternative;annoying;;
1;calendar;application;;
1;clothing;approximately;;
1;concept;characteristic;;
1;conflict;controversial;;
1;crossing;differently;;
1;demonstration;finishing;;
1;height;growth;;
1;housing;injury;;
1;include;investment;;
1;leadership;payment;;
1;maximum;produce;;
1;physically;region;;
1;rising;require;;
1;scheme;sensible;;
1;speaker;simplification;;
1;symbol;strategy;;
1;technical;technique;;
1;tournament;transport;;
1;tricky;ultimate;;
2;destruction;active;;
2;discover;administration;;
2;electricity;apprehensively;;
2;embarrassment;appropriate;;
2;entering;carpet;;
2;existence;cattle;;
2;generation;complain;;
2;graduate;engineer;;
2;international;episode;;
2;parade;excitement;;
2;producer;highest;;
2;rocket;misconception;;
2;serving;operate;;
2;session;poetry;;
2;setback;production;;
2;signature;sunshine;;
2;splendid;thunder;;
2;tattoo;underground;;
2;temper;unfortunate;;
2;useful;waitress;;
3;accomplishment;achievement;;
3;behave;artist;;
3;board;charitable;;
3;certification;cover;;
3;concession;dissatisfaction;;
3;dangerously;inappropriately;;
3;flute;industrial;;
3;income;interface;;
3;overlapping;legality;;
3;packaging;monster;;
3;pregnant;pebble;;
3;radioactive;playful;;
3;raising;potentially;;
3;refresh;privacy;;
3;resourcefulness;reflex;;
3;rooftop;slick;;
3;shopper;sparkling;;
3;specialist;sticking;;
3;sword;transition;;
3;twister;wrecker;;
4;advisory;administrative;;
4;bamboo;charming;;
4;business;cheese;;
4;character;compulsively;;
4;deeply;constructively;;
4;dictation;education;;
4;earpiece;exclaiming;;
4;faithful;expiring;;
4;frozen;faulty;;
4;geometrically;fruitful;;
4;inactivity;gently;;
4;investigation;invalid;;
4;manuscript;precious;;
4;missing;quietly;;
4;overview;seasoned;;
4;qualify;sleeve;;
4;splatter;smashing;;
4;swirl;specifically;;
4;theoretically;wholesome;;
4;touchable;younger;;
5;arrow;bewilderment;;
5;contagious;blossom;;
5;conventionally;compulsiveness;;
5;cranberry;constitutional;;
5;enlightenment;expression;;
5;existing;flossing;;
5;forgetting;fringe;;
5;influential;gambler;;
5;intensely;grouping;;
5;jetlag;hedgehog;;
5;mechanic;inform;;
5;milkshake;intentionally;;
5;partake;nearly;;
5;rating;neutron;;
5;reservoir;poorly;;
5;restrictive;rightfully;;
5;scrape;searching;;
5;severe;surgical;;
5;unusually;unannounced;;
5;voodoo;validation;;
6;accordingly;advertisement;;
6;aviator;alternatively;;
6;church;apparently;;
6;circumstance;charging;;
6;clockwork;climbing;;
6;flexibility;confrontational;;
6;island;disputable;;
6;lethal;flexible;;
6;lizard;invert;;
6;neatness;launch;;
6;protective;moderate;;
6;request;offensive;;
6;responsibility;preconditioned;;
6;spinal;reversible;;
6;spoiling;shrug;;
6;stagger;smudge;;
6;teapot;tearful;;
6;thumping;treasured;;
6;washroom;vigilance;;
6;whirlwind;yesterday;;
7;better;bring;;
7;blizzard;buttered;;
7;cleanse;cardinal;;
7;commence;clockwise;;
7;curling;completion;;
7;defrost;conversational;;
7;detachable;custom;;
7;discharging;ethics;;
7;generating;everywhere;;
7;mirage;flickering;;
7;partly;friend;;
7;philosophical;gripping;;
7;player;infuriating;;
7;procrastination;partially;;
7;silently;prince;;
7;spiritually;shady;;
7;stylist;sidekick;;
7;sweetheart;steamroller;;
7;unforgettable;strike;;
7;wristband;yearly;;
8;abbreviation;anybody;;
8;accessibility;blindness;;
8;antibody;correspondent;;
8;beneath;eyesight;;
8;cordless;forever;;
8;correspondence;glance;;
8;disintegrate;hardworking;;
8;holding;haven;;
8;incompatibility;horror;;
8;integrate;ignition;;
8;pizza;intense;;
8;precautionary;jogger;;
8;remake;mobility;;
8;sharpener;nostalgic;;
8;similarity;obtain;;
8;spinner;overwhelmingly;;
8;tragic;powerful;;
8;unconscious;replenish;;
8;unharmed;sneaker;;
8;uptight;wasteful;;
9;admirably;advertiser;;
9;bridesmaid;architecture;;
9;calmly;broadcaster;;
9;comic;chord;;
9;deconstruction;considerable;;
9;dispense;discomfort;;
9;expiration;drifting;;
9;giggling;enchanting;;
9;inner;environmentally;;
9;manage;interpret;;
9;octagon;latch;;
9;order;medication;;
9;saltwater;operator;;
9;screamer;overpass;;
9;soften;playable;;
9;thermal;presence;;
9;unintelligible;reconfiguration;;
9;unscented;responsive;;
9;voyage;solitary;;
9;writing;trial;;
10;castaway;appear;;
10;coleslaw;beanstalk;;
10;consideration;binary;;
10;doubting;bruise;;
10;drinker;causing;;
10;employer;chestnut;;
10;expressiveness;crave;;
10;fascination;curse;;
10;habitually;diagonal;;
10;hypocritical;disheartening;;
10;inclusive;electromagnetic;;
10;lavish;illustrious;;
10;listing;miscalculation;;
10;module;razor;;
10;parasite;selective;;
10;pension;sorrow;;
10;prologue;tactile;;
10;showdown;tailoring;;
10;tilting;unmasking;;
10;transportation;warehouse;;
11;alpha;armadillo;;
11;blaming;attractiveness;;
11;borderline;auction;;
11;dandy;census;;
11;environmental;cheddar;;
11;fascinated;chimp;;
11;fraternity;compassionate;;
11;goblet;exfoliate;;
11;gratify;extendable;;
11;impulsively;invention;;
11;model;motorboat;;
11;mowing;proficiently;;
11;notable;replication;;
11;occupational;screeching;;
11;pinstripe;tweeting;;
11;planet;unconsciously;;
11;poisonous;uplifting;;
11;sequence;vocalist;;
11;sustain;watchdog;;
11;together;wither;;
12;artistically;acoustic;;
12;catwalk;competitiveness;;
12;chivalry;confirm;;
12;collar;containment;;
12;colleague;erratic;;
12;edging;gauntlet;;
12;enlightening;humid;;
12;exploring;irrationally;;
12;factory;leisurely;;
12;forensic;neuroscience;;
12;hotline;pathological;;
12;ingenuity;positioning;;
12;ongoing;repellent;;
12;plate;revolt;;
12;propeller;scrawny;;
12;proudly;sculptor;;
12;prowling;sticker;;
12;search;viewpoint;;
12;sprite;visually;;
12;traditionalist;worrying;;
13;aroma;connective;;
13;bearing;dangerous;;
13;bleakness;extraordinarily;;
13;brewer;flightless;;
13;cartilage;habitual;;
13;clumsy;impressionable;;
13;duality;leafy;;
13;espionage;liberal;;
13;forgery;marker;;
13;huntsman;outgrow;;
13;misunderstood;paraphrase;;
13;oddity;pedestal;;
13;referral;remoteness;;
13;regrettable;saleswoman;;
13;sampling;showcase;;
13;swimwear;sunscreen;;
13;symmetrical;supervision;;
13;thieving;unemotional;;
13;unshaken;unsuspectingly;;
13;whose;wrangler;;
14;aesthetically;accusation;;
14;canyon;alphabetical;;
14;clubhouse;chubbiness;;
14;conceptual;correspond;;
14;croak;delegation;;
14;downpour;detox;;
14;fixable;entertaining;;
14;grappling;floorboard;;
14;hypnotherapy;freeload;;
14;impale;govern;;
14;interstate;grumpiness;;
14;oxide;hindsight;;
14;permissible;inattentive;;
14;plunge;isolate;;
14;respectably;reflectively;;
14;rippling;sandy;;
14;slayer;scarecrow;;
14;stocky;stench;;
14;uptown;surveyor;;
14;vigorously;transcendence;;
15;airfield;attic;;
15;answerable;breadcrumb;;
15;baboon;collectable;;
15;choreograph;eerie;;
15;conductivity;fading;;
15;deviant;illicit;;
15;disapproval;invertebrate;;
15;disperse;knack;;
15;diverting;possession;;
15;excellency;postpone;;
15;fraying;priesthood;;
15;hourglass;provoker;;
15;mortar;redevelopment;;
15;prudently;resilience;;
15;redesign;shimmering;;
15;seashell;turntable;;
15;segregation;unrewarding;;
15;shack;warranty;;
15;treasury;weathering;;
15;wiggly;whopping;;
16;apprehend;accord;;
16;banning;appallingly;;
16;cashmere;carnage;;
16;catcher;condemning;;
16;diligence;dentistry;;
16;institutionally;flare;;
16;loophole;graceless;;
16;miscalculate;gradient;;
16;mullet;justifiably;;
16;neglectful;landlady;;
16;personable;manhandle;;
16;personnel;piloting;;
16;polygon;porridge;;
16;recalculate;receptacle;;
16;rehydration;stipulation;;
16;responder;struggler;;
16;salamander;unclog;;
16;stork;villa;;
16;supremely;warship;;
16;westbound;whittle;;
17;aching;abundantly;;
17;artwork;adjoining;;
17;banter;annotation;;
17;barbecue;cashbox;;
17;captivate;cookware;;
17;deduction;disgracefully;;
17;dividend;excusing;;
17;hardcover;firestorm;;
17;hospice;glare;;
17;increment;hilarity;;
17;inhumane;homeopathy;;
17;intrusiveness;incapacitate;;
17;mincemeat;mathematician;;
17;outwardly;melodic;;
17;porter;peacekeeping;;
17;portray;repetitively;;
17;redundantly;sizing;;
17;skater;suppressor;;
17;smasher;swooning;;
17;volatile;unrivaled;;
18;constituent;aversion;;
18;delicacy;basin;;
18;distillery;behead;;
18;distrustful;coldly;;
18;gastronomy;despairingly;;
18;insincerity;diplomatically;;
18;mentorship;disclose;;
18;overstaffed;forcibly;;
18;peddle;friendliness;;
18;precinct;guzzle;;
18;rancher;handheld;;
18;secrecy;inferiority;;
18;shrunken;lavishing;;
18;stuffiness;minty;;
18;trapper;override;;
18;undecorated;reviewable;;
18;underpayment;skunk;;
18;unstuck;tangibility;;
18;upheaval;tunic;;
18;varnishing;unbroken;;
19;ample;asymmetric;;
19;backgammon;bankruptcy;;
19;bedpan;beautify;;
19;bobble;cluck;;
19;brushstroke;dreamily;;
19;demography;gamma;;
19;directionless;hatchling;;
19;flameproof;lavatory;;
19;impassively;legwarmer;;
19;indignantly;metaphoric;;
19;intricate;overexpose;;
19;minimalism;recklessly;;
19;perceptible;saggy;;
19;porky;sermon;;
19;ravishingly;stint;;
19;slickness;uniquely;;
19;speckle;unsentimental;;
19;supercharge;veterinarian;;
19;territorially;weepy;;
19;thinly;wooing;;
20;ambitiously;adoptee;;
20;antiseptics;auburn;;
20;battlefront;bloodcurdling;;
20;biogenetic;cleave;;
20;consoling;cranium;;
20;gibberish;foyer;;
20;intergalactic;froth;;
20;legless;gainful;;
20;loath;incidence;;
20;pronouncement;jurisdiction;;
20;provincial;polka;;
20;refreeze;repression;;
20;reprieve;scrupulously;;
20;scram;squiggle;;
20;siren;taskmaster;;
20;sternness;thermally;;
20;timekeeping;uniformly;;
20;topically;unpeeled;;
20;transfix;unwired;;
20;traveller;villainous;;
21;anyhow;apocalyptic;;
21;assembler;bricklayer;;
21;believability;cheeriness;;
21;daintiness;conjoined;;
21;datasheet;dwarfism;;
21;electoral;farmyard;;
21;evasively;goatee;;
21;farther;grocer;;
21;foregone;homebuilder;;
21;hospitably;humbleness;;
21;nonphysical;maize;;
21;obtrusively;metamorphic;;
21;offense;networker;;
21;pharmacology;quaintness;;
21;reddish;recycler;;
21;redheaded;rivet;;
21;streaky;scurry;;
21;stutterer;sociologically;;
21;twinge;wafer;;
21;whaler;yardstick;;
22;albatross;backbreaker;;
22;amble;bedcover;;
22;anchorage;embezzle;;
22;bankroll;litigate;;
22;beeper;lookalike;;
22;breadwinner;mealtime;;
22;contented;menacingly;;
22;cosmically;mislabel;;
22;drowsily;nightingale;;
22;holdout;overcrowd;;
22;legibly;overprotection;;
22;naughtily;parading;;
22;northward;patchable;;
22;obliqueness;refraction;;
22;overtly;renewability;;
22;plume;reputedly;;
22;retrain;singsong;;
22;slimy;subtly;;
22;subdividing;upwind;;
22;swaddle;whimsically;;
23;auspiciousness;biannual;;
23;bongo;blight;;
23;dampener;brainwasher;;
23;fishery;broach;;
23;heartstring;chinstrap;;
23;hither;collectivity;;
23;insinuation;credibly;;
23;looseness;defer;;
23;microcomputer;disloyalty;;
23;nomadic;disrupter;;
23;noncertified;feeler;;
23;planking;fetal;;
23;pocketknife;flimsiness;;
23;quintuplet;geneticist;;
23;spacer;improbably;;
23;spiritedly;monotype;;
23;talon;pensively;;
23;transplantation;putter;;
23;turret;qualm;;
23;uncurl;transpose;;
24;algebraic;battalion;;
24;audaciously;blusher;;
24;bayonet;buster;;
24;bejewel;cautiousness;;
24;broil;cryogenic;;
24;caricature;curate;;
24;decongestive;eeriness;;
24;deity;fiery;;
24;disastrously;forage;;
24;fathom;histamine;;
24;feebly;homebrew;;
24;interrupter;inebriated;;
24;matrimonial;knifepoint;;
24;pantheon;penitentiary;;
24;plaintiff;postcode;;
24;refracting;potently;;
24;shuttering;rouse;;
24;unbending;sovereignty;;
24;weekender;syndication;;
24;worrisome;takedown;;
25;affronted;ailing;;
25;backslapping;anxiousness;;
25;deadwood;artless;;
25;disgustedly;cheekily;;
25;exhume;choirboy;;
25;gaudy;conceiver;;
25;ineptly;corking;;
25;insolubility;dilution;;
25;locale;exaltation;;
25;manger;gentlefolk;;
25;mercifulness;heath;;
25;nightwalker;immersive;;
25;nonlinear;mooing;;
25;projectionist;overstaff;;
25;reacquisition;palate;;
25;smite;recast;;
25;spurt;strikeout;;
25;ulterior;tolerability;;
25;warmness;unpardonable;;
25;wordsmith;unwelcomed;;
26;affective;anaerobic;;
26;befuddle;annihilator;;
26;buckaroo;bandleader;;
26;colloquial;campground;;
26;couplet;centigrade;;
26;defensible;creaseless;;
26;dollop;discordance;;
26;domesticity;exportation;;
26;eggbeater;glitz;;
26;envoy;harmfulness;;
26;flagstone;headfirst;;
26;humdrum;imminently;;
26;incontinence;inducer;;
26;indefensibly;inundate;;
26;matriarchal;invitee;;
26;medusa;lapel;;
26;outlay;propagate;;
26;preselect;regent;;
26;thighbone;releasable;;
26;tripe;soldiering;;
27;beastliness;amino;;
27;breadth;boycotter;;
27;caddie;crass;;
27;cartographer;drivable;;
27;clincher;endothermic;;
27;clinger;enumerate;;
27;dispersion;falsetto;;
27;disruptor;generative;;
27;dualistic;gluttonously;;
27;negligently;goalie;;
27;outpour;hocus;;
27;preparedness;hydrogenate;;
27;procurer;outsell;;
27;purposefulness;snorer;;
27;reddening;solidity;;
27;rheumatism;thematic;;
27;scamp;thruster;;
27;spottiness;untwist;;
27;sulkiness;voracious;;
27;unembroidered;wallop;;
28;churchgoer;addressee;;
28;dishevel;aorta;;
28;flagrantly;ashore;;
28;flyaway;atomically;;
28;harrow;brainstem;;
28;impishly;brunt;;
28;knickknack;closable;;
28;libel;copperware;;
28;mooring;distributer;;
28;orbiter;existentialist;;
28;raggedly;feudalist;;
28;rampantly;frivolity;;
28;retentiveness;lowdown;;
28;slimness;medial;;
28;stableman;newfound;;
28;succinctly;regulative;;
28;tinge;reproachful;;
28;underuse;tectonic;;
28;unmagnified;undulating;;
28;unstuffed;uninstructed;;
29;anthill;befuddlement;;
29;artfulness;biopic;;
29;attuned;cloudlike;;
29;backtalk;curtsy;;
29;calcify;dinnertime;;
29;chalet;emulsifier;;
29;commonality;essentialist;;
29;congruently;fanning;;
29;counterview;flaxseed;;
29;courtier;gilding;;
29;discernibly;indelicate;;
29;faulting;inkpot;;
29;irradiated;intersectional;;
29;paraphraser;leach;;
29;parka;legalist;;
29;racecar;pewter;;
29;ragtime;revisionist;;
29;theologian;topographic;;
29;unalleviated;whither;;
29;unpopularity;winch;;
30;antipathy;aestheticism;;
30;cayenne;belligerently;;
30;chafe;bookmarker;;
30;chaff;castor;;
30;clout;coppersmith;;
30;curtly;droll;;
30;debacle;epoch;;
30;delectability;hearted;;
30;hedonist;incriminator;;
30;implementer;infield;;
30;mulch;insipid;;
30;natal;invulnerable;;
30;platelet;muscularly;;
30;pluggable;paraphernalia;;
30;recommitment;pious;;
30;roundtable;projective;;
30;studiousness;roundish;;
30;unanimated;stereographic;;
30;vagrancy;unfettered;;
30;vivacity;whacky;;
31;abdication;analogical;;
31;artifice;ascendable;;
31;calligraphic;beguile;;
31;delusionary;cabby;;
31;downfallen;coincident;;
31;empress;colic;;
31;ether;couture;;
31;herder;dedicator;;
31;inclement;disarrangement;;
31;kidder;lamentably;;
31;lacquering;mamba;;
31;malevolency;multifold;;
31;monopolist;newsbreak;;
31;reformism;palpability;;
31;regale;pervading;;
31;repressor;potpourri;;
31;snivel;prophesy;;
31;stoker;sordidly;;
31;wheelbase;uncritical;;
31;wineglass;unstressed;;
32;attractor;arcane;;
32;curatorship;avian;;
32;forbear;electorally;;
32;guardedly;exhibitory;;
32;inlaid;hyperkinetic;;
32;overhung;incredibility;;
32;payee;irradiate;;
32;precept;kneader;;
32;presuppose;mangling;;
32;quadratics;misanthropy;;
32;scenting;misreport;;
32;skulk;pithy;;
32;stirringly;poisonously;;
32;stratify;polystyrene;;
32;strongpoint;reconviction;;
32;swill;reversion;;
32;tamer;secondarily;;
32;tenement;seismologist;;
32;uncrushed;shallowly;;
32;whittler;waive;;
33;amoebic;annunciation;;
33;backswept;boudoir;;
33;bodacious;celebrative;;
33;digitalism;classicism;;
33;digressive;cosmopolitanism;;
33;fairing;dereliction;;
33;functionary;exhort;;
33;indulgency;frizzle;;
33;inline;gossipy;;
33;paperboard;lewdly;;
33;parlay;pompadour;;
33;pastureland;quintuple;;
33;pigmy;sable;;
33;prudentially;saintlike;;
33;retighten;savanna;;
33;rumpus;stereotypic;;
33;sharable;superfluously;;
33;unready;vapid;;
33;vaccinator;wastewater;;
33;wryly;waviness;;
34;beamingly;aircraftsman;;
34;bumbler;ascot;;
34;compliable;besieging;;
34;cosmonaut;briar;;
34;crotchety;disperser;;
34;demonstrably;ditsy;;
34;dinginess;envelop;;
34;gauntly;fallibility;;
34;guardedness;foamless;;
34;injurer;gaffe;;
34;ironworking;heliographic;;
34;joist;incorrectness;;
34;knifeboard;joshing;;
34;lengthener;kinsfolk;;
34;mincer;pumper;;
34;mononuclear;ruefulness;;
34;quark;succinct;;
34;rebind;sweatbox;;
34;textural;unreflecting;;
34;untraveled;volumetric;;
35;acrimonious;actuary;;
35;backbeat;alertly;;
35;cherubic;amusedly;;
35;cornucopian;calamitous;;
35;crony;communicably;;
35;cupbearer;copping;;
35;decimator;dasher;;
35;dermal;jostler;;
35;duplicable;leniently;;
35;extremeness;monumentality;;
35;indelibly;nobly;;
35;inundation;nonpermanent;;
35;lipread;replier;;
35;nerveless;retune;;
35;overmodest;rummy;;
35;philander;sentient;;
35;secularity;unessential;;
35;suavely;unicellular;;
35;tonal;usurp;;
35;unusualness;wonderingly;;
36;annul;angularly;;
36;aortic;cackler;;
36;bilge;choleric;;
36;bookishness;cognate;;
36;condemner;demonologist;;
36;crosspiece;dispersive;;
36;determinist;enshroud;;
36;dowel;foliated;;
36;entreaty;illuminable;;
36;exorcise;mambo;;
36;immoderately;mender;;
36;inquisitorial;overskirt;;
36;mutability;prophylaxis;;
36;myopia;puritanically;;
36;purposelessly;rituality;;
36;retroaction;stupefy;;
36;sinew;terse;;
36;subsoil;tickertape;;
36;wintry;undevelopable;;
36;zoophobia;valiance;;
37;alleviative;chapping;;
37;altarpiece;chlorinator;;
37;balsawood;depreciatory;;
37;believingly;devastator;;
37;breezeless;elfish;;
37;bridgeable;emery;;
37;clapboard;fleshing;;
37;contaminable;gluteus;;
37;enroller;hellcat;;
37;footmark;hydrophilic;;
37;inefficacy;inexpertly;;
37;irately;litigant;;
37;leary;midship;;
37;stowage;mistiness;;
37;tawdry;multimode;;
37;tetra;necrology;;
37;tremulously;pommel;;
37;vacuous;practicable;;
37;wheelman;tumult;;
37;yardmaster;ubiquity;;
38;ambulant;amenability;;
38;bakeshop;ascender;;
38;congealment;austerely;;
38;connotative;carte;;
38;debauchment;deadness;;
38;defoliation;ephemeral;;
38;dialectical;housebreaker;;
38;dimmest;insobriety;;
38;dingle;interfold;;
38;gooselike;itinerate;;
38;implorer;limey;;
38;insofar;quakeproof;;
38;nitric;relationally;;
38;pronuclear;reweave;;
38;proofer;sackcloth;;
38;revertible;separateness;;
38;terseness;sitar;;
38;trailbreaker;spectrally;;
38;upend;tacit;;
38;vestibular;terry;;
39;aerophobia;biogenetical;;
39;biddable;canniness;;
39;bower;claylike;;
39;classism;compacter;;
39;corpulent;crosser;;
39;declamation;denatured;;
39;disfigurer;detestation;;
39;electrotype;doily;;
39;groundling;dowse;;
39;hermetic;felicitously;;
39;hubris;forbidder;;
39;ionosphere;gentrify;;
39;latherer;hulky;;
39;pearlescent;prankish;;
39;preconscious;seclusive;;
39;redshirt;tonnage;;
39;reface;tuber;;
39;seismogram;unerring;;
39;setpoint;unorthodoxy;;
39;tachometer;vestal;;
40;autoclave;borrowable;;
40;brooch;chatbox;;
40;effluence;clerkship;;
40;eggless;confiner;;
40;gingham;creamlike;;
40;kinghood;crystallite;;
40;literalistic;disobeyer;;
40;modifiability;fluting;;
40;pectin;foremanship;;
40;phonotype;indiscoverable;;
40;phototropic;ingot;;
40;polenta;inspirable;;
40;requite;lanolin;;
40;servile;mallow;;
40;tabulator;phrasemaking;;
40;ungenerous;placer;;
40;whaleboat;posturer;;
40;wildish;scholasticism;;
40;woodenness;toady;;
40;wrest;tonally;;
41;addressbook;abashment;;
41;anointer;answerer;;
41;astigmatic;arithmetician;;
41;atoll;bedevil;;
41;aurally;counterturn;;
41;baneful;deserver;;
41;bracer;fleetness;;
41;centigram;heedfully;;
41;chlorate;imager;;
41;coessential;insinuatingly;;
41;cruciform;interlineal;;
41;dearness;interlunar;;
41;destructivity;knell;;
41;hoppy;necessitation;;
41;inaugurator;parse;;
41;numskull;ravel;;
41;owlishly;reticular;;
41;prevocational;substratum;;
41;radon;trisect;;
41;wieldy;virulently;;
42;adventuress;caput;;
42;alder;carmine;;
42;cajoler;conduce;;
42;caldron;dalliance;;
42;distillatory;disownment;;
42;elicitation;divvy;;
42;flaunty;expressivity;;
42;furtherance;featheriness;;
42;inebriant;gastropod;;
42;malachite;impel;;
42;rarefied;madden;;
42;reprovingly;prolonger;;
42;savoir;ruinously;;
42;shackler;scenically;;
42;snoot;selfness;;
42;starflower;seraphim;;
42;syntactic;sickish;;
42;tress;stormbound;;
42;uncivilly;throatily;;
42;unhistorical;voodooist;;
43;antifriction;amazedly;;
43;bronchiole;apostolate;;
43;collectorship;bantam;;
43;consternate;cacophonic;;
43;dumfound;cadency;;
43;engrain;clericalism;;
43;euphonium;dully;;
43;frazzling;fetid;;
43;grosser;genomics;;
43;impairer;inviolate;;
43;interfuse;monocracy;;
43;liquidly;opine;;
43;mollifying;photoemission;;
43;moray;planeload;;
43;proliferative;ruble;;
43;serif;sacrosanct;;
43;supervisorial;staid;;
43;thrombotic;subpart;;
43;tyrannous;supposable;;
43;underbred;voiceprint;;
44;amaryllis;coacher;;
44;asceticism;dumdum;;
44;autogenic;exterritorial;;
44;becalmed;fameless;;
44;centurial;heterochromatic;;
44;clarion;hipless;;
44;concessive;immolate;;
44;copperleaf;inextensible;;
44;corroder;lowbred;;
44;designative;parsimonious;;
44;diffidence;pedagogic;;
44;druidic;salvo;;
44;horntail;scull;;
44;iodide;shiningly;;
44;polyglot;skidoo;;
44;prehensile;sonny;;
44;serotoxin;stickling;;
44;stent;swordtail;;
44;superoxide;telemetry;;
44;unscriptural;unreel;;
45;binocularly;antisepsis;;
45;crump;beatitude;;
45;dactyl;canton;;
45;dichotomous;continuative;;
45;dilutor;ergot;;
45;earthlight;fadeless;;
45;epiglottal;hematite;;
45;filial;hermetical;;
45;grubber;languorous;;
45;inclinator;mutism;;
45;multiplexer;nonesuch;;
45;neologism;oaken;;
45;northwester;ovate;;
45;polychromous;psychograph;;
45;redub;rancorously;;
45;silicate;revisal;;
45;subfigure;skiff;;
45;tomfool;supergiant;;
45;unstaunched;tawdriness;;
45;vasculature;univalve;;
46;atonality;afflicter;;
46;attempter;aftertimes;;
46;bloomy;attractant;;
46;cherishment;collegiality;;
46;counterparty;completive;;
46;crumby;conic;;
46;delusive;darer;;
46;grist;ennoblement;;
46;histologist;finalism;;
46;inscribable;fortuitism;;
46;internality;griffon;;
46;manna;hermitic;;
46;moonward;miasmic;;
46;odium;notecase;;
46;oppositeness;putatively;;
46;phonemic;tittle;;
46;rhomboidal;tossup;;
46;signally;unalloyed;;
46;singly;vandalistic;;
46;stiller;yellowbird;;
47;amplificatory;chromaticity;;
47;bezel;conflux;;
47;bucolic;ebullient;;
47;campstool;epithelial;;
47;changeful;fecundity;;
47;charthouse;fount;;
47;datum;gaucheness;;
47;desiccant;hydropath;;
47;elegy;insularism;;
47;enervate;lamprey;;
47;ennui;originative;;
47;gramophonic;querulous;;
47;hydrotropism;spurge;;
47;lactase;steersman;;
47;laggard;summate;;
47;microgroove;summery;;
47;monomaniacal;trackman;;
47;occultation;transmarine;;
47;philologist;yolky;;
47;tragicomedy;zircon;;
48;cattishly;abler;;
48;causer;aegis;;
48;chafer;antemeridian;;
48;circumlocutory;armlet;;
48;comprisal;brinkmanship;;
48;conclavist;cephalous;;
48;doughty;challis;;
48;enfranchiser;cryophilic;;
48;estuarial;delusively;;
48;exoteric;disaccustomed;;
48;hymnologist;infarction;;
48;iliac;inobservance;;
48;immerge;latitudinous;;
48;irradiative;monogyny;;
48;jarful;motional;;
48;manufactory;nodal;;
48;mudstone;protectoral;;
48;mycology;towage;;
48;octal;unloose;;
48;phototube;whorl;;
49;affronter;abuttal;;
49;alderwoman;antipodal;;
49;arrestment;atomism;;
49;atonic;bulling;;
49;churl;conjoint;;
49;diaphanous;dauber;;
49;exogenously;disentitle;;
49;floridness;evaluable;;
49;homonymic;foremother;;
49;inflexed;forestage;;
49;interferon;froufrou;;
49;liposome;impeditive;;
49;moribund;jolty;;
49;nasality;lauder;;
49;permute;personating;;
49;personate;slake;;
49;popish;taximeter;;
49;rememberable;titration;;
49;torridity;undesigning;;
49;xylographer;vociferation;;
50;beleaguerer;affiance;;
50;brainsick;avidity;;
50;complicacy;bladderwort;;
50;corer;buckthorn;;
50;culler;chorographic;;
50;dissocial;dandyism;;
50;effectible;dedicatee;;
50;epigenetic;defenestrate;;
50;ester;etude;;
50;extensity;individuate;;
50;foddering;lubber;;
50;forecastle;perspicacity;;
50;gabardine;plainsong;;
50;liger;polyvalent;;
50;manyfold;praetorian;;
50;milksop;preprimary;;
50;quadric;swanking;;
50;ridgepole;undersheriff;;
50;rosaceous;venge;;
50;sophism;vintner;;
51;antiskid;abstruseness;;
51;artificer;amethystine;;
51;clime;augustness;;
51;cockling;balladry;;
51;commutate;bertha;;
51;crimination;conferment;;
51;crower;cribwork;;
51;fungoid;engagingness;;
51;grudger;exotericism;;
51;hoodoo;extensile;;
51;impendent;gallium;;
51;libertinism;garlandlike;;
51;nephrite;hyperboloid;;
51;overplenty;longspur;;
51;palmy;pineland;;
51;pathetical;recidivistic;;
51;scleroid;rootage;;
51;semidry;scintilla;;
51;sternal;toreador;;
51;wildering;turbofan;;
52;accorder;actability;;
52;ashram;aerologic;;
52;billon;amender;;
52;casemate;befool;;
52;chloral;benzoic;;
52;diffusivity;cataleptic;;
52;dissymmetric;cloistral;;
52;duodenary;ebonite;;
52;echinoderm;glutinosity;;
52;enmeshment;headstall;;
52;epiphenomenal;impendence;;
52;evince;impost;;
52;execration;incommodity;;
52;flowerage;logwood;;
52;jackfruit;longsome;;
52;lacteal;midmost;;
52;photolysis;offertory;;
52;puissance;procuress;;
52;stockfish;snick;;
52;thermopile;tambour;;
53;aviculturist;allotter;;
53;batik;chaplet;;
53;bivalency;chirographer;;
53;complexional;conferee;;
53;dactylology;dashy;;
53;disaccustom;decennial;;
53;grabbling;declivity;;
53;hemolytic;disenable;;
53;inquietude;fibril;;
53;laity;finable;;
53;noisome;ineludible;;
53;omicron;manometer;;
53;petard;meliorate;;
53;pinkly;mignonette;;
53;promptitude;monkshood;;
53;solipsism;rascality;;
53;tarsus;shrimpfish;;
53;ungird;solipsist;;
53;unregenerate;trammeling;;
53;winnow;verdigris;;
54;adnominal;adiposity;;
54;alternant;amnestic;;
54;alveolar;chiasm;;
54;anneal;cirrhotic;;
54;arbitrager;coheirship;;
54;bogwood;decumbent;;
54;combinatorial;detrainment;;
54;hereinabove;echoic;;
54;hyperborean;filially;;
54;hypocycloid;hexogen;;
54;inerrability;infuscate;;
54;inerratic;meandrous;;
54;interclub;palliation;;
54;lazuli;rarefy;;
54;lightsome;roadstead;;
54;perquisite;spelldown;;
54;proscenium;steerageway;;
54;sepulture;tusker;;
54;shrike;whump;;
54;utile;zoetrope;;
55;absolutistic;cachepot;;
55;acetify;catastasis;;
55;agnate;coaler;;
55;alginate;connation;;
55;bromidic;denticulation;;
55;convictism;determinateness;;
55;cuddy;electrophorus;;
55;cycloramic;emplace;;
55;demurral;ephemerides;;
55;devisee;finis;;
55;fascicular;improbity;;
55;flaxy;incardinate;;
55;groundsill;lapidarian;;
55;headforemost;monism;;
55;irrigable;polypus;;
55;pharmacokinetic;retroperitoneal;;
55;polypore;sisal;;
55;scarping;tenter;;
55;torus;waybill;;
55;wabble;wolfram;;
56;agglutination;abjuratory;;
56;appurtenance;amine;;
56;autopolyploid;apian;;
56;bathometer;aright;;
56;brachylogy;benumb;;
56;caviler;carboy;;
56;colophony;carvel;;
56;condoler;chalcedonic;;
56;dispossessory;disfurnish;;
56;dysgenics;emptor;;
56;excerptor;geodic;;
56;flocculate;hypoid;;
56;foredoom;jayhawker;;
56;isotheral;leprosarium;;
56;mimesis;lustrate;;
56;obscurantist;ontogenetic;;
56;periphrastic;sectile;;
56;prate;unicity;;
56;radiothorium;viniferous;;
56;widgeon;zounds;;
57;abnegator;anemography;;
57;alewife;anion;;
57;algological;centum;;
57;cicerone;cerate;;
57;consistory;coelacanth;;
57;corporeity;cosmotron;;
57;elastomeric;cowbane;;
57;elide;dissert;;
57;endocarp;distrainment;;
57;essayistic;ditheist;;
57;falconine;entablature;;
57;gigot;exercitation;;
57;ginnery;globeflower;;
57;groggery;helpmeet;;
57;hornstone;hornbook;;
57;marron;lachrymatory;;
57;merle;laurite;;
57;pilaster;perquisition;;
57;scopolamine;sagittal;;
57;tottery;wiredrawer;;
58;amanuensis;anastrophe;;
58;chary;anomy;;
58;chiastic;bibliolatry;;
58;chromyl;calefaction;;
58;clingstone;clamant;;
58;cochin;clangorous;;
58;cognoscibility;clingfish;;
58;collotype;cobaltite;;
58;cozen;copal;;
58;curettage;cumbrously;;
58;dictatrix;cupric;;
58;flatling;diplococcal;;
58;iconolatry;ferial;;
58;increscent;fermium;;
58;orthicon;inimicality;;
58;precisian;irremissibility;;
58;schizopod;prosody;;
58;stator;ratline;;
58;thrombin;scandium;;
58;tisane;steeplebush;;
59;anaptotic;affricate;;
59;caryopsis;calicle;;
59;chalcography;caulis;;
59;compotation;checkrow;;
59;cuspidate;debus;;
59;decretory;devisal;;
59;decumbence;elution;;
59;diathermancy;epigamic;;
59;divaricating;fractostratus;;
59;enfilade;geoponic;;
59;exiguity;giber;;
59;fulguration;globate;;
59;hecatomb;integument;;
59;hempen;mantes;;
59;incarnadine;marmoreal;;
59;labret;nowise;;
59;odalisque;simony;;
59;plebiscitary;stitchwort;;
59;pleonastic;strake;;
59;potation;veridical;;
60;abaca;acanthocephalan;;
60;adiabatically;aiguillette;;
60;affrication;apophyge;;
60;burgee;apparatchik;;
60;canna;cacographic;;
60;colocynth;canorous;;
60;cretonne;chalcographer;;
60;diphosgene;fuscous;;
60;endarteritis;gynobasic;;
60;enkindler;ictus;;
60;epizootic;lamella;;
60;furculum;latria;;
60;henotheism;libertinage;;
60;hessonite;obloquy;;
60;iceblink;pinna;;
60;iguanid;pitchblende;;
60;lamellate;stouten;;
60;mullein;terbium;;
60;spumous;trestletree;;
60;ytterbium;viaticum;;
61;aecidium;addressograph;;
61;axletree;avadavat;;
61;catachrestic;avulse;;
61;chirognomy;brachyurous;;
61;collimate;bryologist;;
61;conenose;casuist;;
61;demimondaine;chthonian;;
61;duralumin;colewort;;
61;elapid;ephod;;
61;escheatment;eristic;;
61;fulgurating;frustum;;
61;gummite;frutescent;;
61;margay;ionone;;
61;nixie;majuscule;;
61;prink;nautch;;
61;ratiocinator;nonillion;;
61;sheathbill;philhellene;;
61;suzerainty;ratiocinate;;
61;umbel;taconite;;
61;wrier;threnody;;
62;anabas;bannerol;;
62;argillaceous;boustrophedon;;
62;calomel;chrematistic;;
62;cineole;cleome;;
62;conatus;colure;;
62;crispate;consuetudinary;;
62;diplostemonous;dehiscent;;
62;dissepimental;espial;;
62;engirt;eupepsy;;
62;felsitic;galingale;;
62;flabelliform;hanuman;;
62;forint;hegira;;
62;galbanum;kampong;;
62;garget;machicolation;;
62;goliardic;pococurante;;
62;gromwell;shinleaf;;
62;jaconet;spriest;;
62;nutgall;tuatara;;
62;parturiency;tumpline;;
62;scorbutic;whitleather;;