spelling;
abhothness
abops
academicsional
actredamable
adauched
adifueas
adlinctly
admeclatic
admullenance
adoming
advermanedes
advyssicate
aesacle
aesocutrical
afflarn
aflemular
afterine
agglofadical
aggraim
agsen
aholdians
alcenix
alelumotic
alenement
alexcitically
allarrially
allempt
alloproricalive
alopemade
alshagot
aludotatically
ammertros
amorns
amphunation
ampubory
anaclerant
ancruphiation
ancyprocobie
andorta
anferual
anlintry
anquoplish
ansay
anslackness
antergaisel
anwenis
anxiolyticoire
aplasiasant
aplinks
aponeurians
apotute
appess
appount
apriplerically
arangsod
arcuatecyte
arerysm
arquitole
arrolds
arteggagarily
articolol
artlarness
arvendry
ascerlesk
ascomprestment
asemptenician
ashagely
astlide
asuppant
atalen
atefitialist
atelgerating
atigu
atlespoosly
atrafly
atrucolatar
atticked
attrortipity
attrortisity
aturlity
atwersion
aupegiac
autityle
avasceric
avith
awheepunt
backlac
bafestory
baltivinous
banit
bapan
baraim
barpe
basop
batocuon
beategly
beatnag
bebbing
bebingness
becatity
beeclake
begoads
belrundy
bemeclousness
benmican
bensently
berroonist
berwish
besealt
besscromer
bevoigitation
bewadinous
bewoin
bexing
bidbong
bidca
bifalittic
bightforictly
binchnay
binkwold
bipoceom
blassicets
blianing
blonter
bloovingly
bluad
bluesiard
blumelist
bollades
bomalienal
bomderlals
bomecon
bonbind
bonsidation
bonveria
boolese
boovie
boozouter
boryeur
bosab
botterimal
brallaw
brareiness
brarger
brewph
brighbinder
brilloused
brimper
broup
brulter
bubchess
bulcts
bulitrousness
bunkrealed
bunzyne
burinct
burusic
busishly
buttet
byoking
cabkelly
cabstourly
cadarilic
cahrerae
calmnent
caloctication
camempome
camewold
camitu
canviat
caroft
carpernness
carreeds
cateclors
catot
cattonness
caupetity
cawnal
cawpy
ceach
ceafness
ceaking
cedning
cemartial
cemfier
cemigic
centrisoys
cettapsing
chateer
cheas
checkheam
cheeltainfy
chencate
cheruli
chespocter
cheteres
chicems
chidet
chimand
chindroom
chisratan
chiunct
choining
chowel
chriliny
chuntring
churby
ciltascision
cimacuous
cinecutochism
citiu
cittech
clahenly
clanioc
clanswitis
cleadtul
clealily
cleamleaded
clegallate
clenagism
clericter
clesera
closhen
clupellant
clupent
clushishing
coagirs
coarbetur
coarketol
coctoupot
codbleel
codmamation
codykacker
coistcoit
collucicators
combire
combulrism
comceously
comiful
comloolly
commerbeasism
commoripen
commucuration
compinionnox
conbroling
concabicyde
conchossual
condedititely
confersili
confonote
connoot
connurd
constexance
contirgeal
contolines
converfate
convotont
copmit
coproganerial
corchigity
cormuner
corsh
cosfedity
coshture
cosuch
cotcress
cothanae
cotvikant
coungrown
counterombal
coupuginctly
cousse
covathitility
cownstrew
cowplescone
cozona
cradnel
crearting
creloche
cribrigenase
crimostector
croolon
crotemen
crourp
cullooned
cunger
cunstalics
curfoc
curtigs
cussa
cymalomive
dabtatic
dadeate
daglet
damizitous
daniny
dapty
davenbews
debkiness
decrulanomy
decruronocy
decudish
decuttion
dedeceratat
dedoner
defuninics
degeit
degesaningly
deliscusition
dellityte
demebirals
demerdible
denap
dencipre
denconant
denfuasion
denolity
densexer
deogion
deonthema
dephrintion
deranry
derleriation
desplintion
destraitishness
desyr
detsusion
deuvon
dezus
diareclal
diccein
didmerously
diducating
digirictly
dileltitto
dilliny
dimigantness
dimphocersially
dinchly
dinmixering
dinmotation
dipprire
direttisto
dirorstrate
disambolks
disamspexing
discalnems
discicrores
disdunge
disgrication
disminkany
dispenkested
dispentinob
disquidging
distephruously
distescountable
distorked
disuine
ditichowity
ditrecemively
ditriration
docelparity
dodar
dogesipation
dolaid
dolerility
doolprob
dorriners
dorsepessly
doststreap
doystine
drardilality
drassism
dravesce
drentard
driemb
drins
droant
drorting
duonyled
dusedaimer
dysamont
eadcrone
eatdun
ecizeen
econtor
ecrusunally
ederticking
edlay
edmitountly
eedful
eeglaric
eferenglic
effove
eightdrapping
elcotially
elock
eloyed
emaveths
ememcation
emitutise
emmester
emteps
enbinitially
endayed
engrorer
enjuth
enlats
enpyll
enseaster
ensosk
enthouch
envitoor
epant
ergras
erlursionally
erriring
eshachs
esising
eslestness
etciring
etecemical
etecitrously
etifly
etratate
etrilate
etursponics
etvious
eufer
faditance
fantch
fanveashing
fanverer
fapidinism
fapie
farlar
fascacurreate
fastimy
fecalgic
feetivity
feuranic
feyily
fiagne
fimpness
fimpser
fiptily
fireure
fleelte
flicktat
floner
fobyrirms
folve
fommunie
fonfeparous
fopter
forlonting
forrapid
fortinits
foscing
fossedine
founist
fourbort
fraceness
frasc
frerring
fresheration
frinn
frirmamical
fronch
frourth
fruleilly
frunge
fudenism
funfential
funzula
furloach
furroonly
fusithite
fustelny
gancage
garback
gasfokes
gasscructer
geaply
gedaminist
gendean
geplach
gillilivity
glatsical
glawpous
gleaque
goachcerry
golthonogy
gootwile
grakon
grealarter
greepit
gregery
grimamon
grisking
griteidate
gruckle
gulel
gursy
gusut
gutchwoom
habodedly
habstock
hagin
halpoinier
handiquelt
hankstane
haois
hapyrneal
harnaway
hartcay
hashmarm
haultel
heaumen
hebury
hedper
heethboy
helfless
heniup
heppo
hierceless
highm
hinagra
hintore
hoathersed
hoisingly
hollykime
homsed
honcomcinnal
honcomfinlal
hontamy
hoquebard
horbacation
horfagable
hornpiff
hosticurse
houchmaff
humeck
hunselled
hurchlack
hurrit
huscing
huseral
hyban
hynpopetalo
iddillation
idereinly
ididater
idirition
idnind
ignane
ilealoress
ileingners
illetepently
illirsiveness
ilusisable
imbord
imerighting
imfidony
immantangly
immevory
immodigansa
immowsion
imporrasm
improlomy
inafangously
inambemate
inarkaltive
inastipess
incabitishly
incattion
incirerants
incorcertenmy
incozid
increlcatogy
incyphively
inderbaning
indescorual
infundilysis
ingascolity
ingulitiny
inguselated
inigrainently
inmaptor
inmunt
innedth
innires
innockly
inscidiny
inscom
insintinish
insisemyal
insleiling
instraribly
instrempress
inswets
interferosional
intergagess
intergyse
interlaianently
interpoy
intocotable
iofats
ipeoclene
iproggiulity
iprolugiaphy
irepland
irrebtrious
isaft
iscullicication
iscultidility
ishting
istug
itshilon
ivomprofication
jalmer
jasroa
jastely
jathing
jegmerer
jettergog
jorsh
juctim
jueful
julix
kiftery
kinfelf
kipbipper
kleemishness
knaredoing
knimes
kvade
lagueless
lambeen
lamiltess
laneprin
lapamechnically
lapecin
larbedth
larte
latoloxatry
lattains
learthinest
lecard
ledrown
liflonti
linchbon
lipeotend
loarpleaker
lobuts
loilsow
loloral
lootbie
lucceanery
lyacoves
lycurraphy
lyplited
mabommation
mabtend
mactirmacleness
madirater
malcissibly
malmevering
mamigola
mamtede
maniceckly
manotific
manventenced
maramer
marceement
masso
matium
mautosition
maynie
memibody
memimuate
menelchral
menpirally
mevictingly
mewhent
miftable
milble
milmays
mimpest
mipenati
miquotrune
misatrentels
miscucogy
misethitation
mitarm
mivery
modmossively
mogit
mohil
mombleistic
momefuction
momengletic
monfrial
mongiard
moreanally
motoditous
moundprook
muberer
mucturersed
mumational
murrop
myrud
nacerlanolial
nacus
naimimically
naltices
nannate
narfew
nasodigilitude
natchmarids
nattew
naumopication
nauseliness
nawulia
nearnips
nebvousness
nedbace
nellarty
nenyias
netroft
neubrer
neyoment
nirer
nouthe
nucatil
nufricant
nulteals
nunredner
nurnic
oaper
oblailer
odecinta
odlids
odmahancy
olabla
olecessity
oleerenes
oltorminely
omfootable
omignuton
omsedrited
omsotal
onbadeemable
ongacteenable
onmiracre
ontlire
onusilally
onysation
ophaorrically
opreggitionally
orlectonity
ormightfiness
ormobatogy
orofocated
oroloma
orpleavable
orspuned
oruchioty
oschee
osteniur
ounbrassing
ounmiler
outnand
pacula
paffs
pagoe
pagridal
palypinnable
palypuctable
pampim
pamster
panclet
parmeak
pasefey
patefierer
pawder
pebyl
pechlessly
pecianes
peesably
pemion
penblifity
penloirety
penpistible
penraisively
peratict
percoshent
perpeave
petainty
petasevic
phamefully
philscoric
phinker
phoebik
photopundredos
phrador
pibid
picerater
pidmordlessly
pidnet
pilok
pinstrachs
pirja
pirthberd
pisormonisity
plako
plalck
plalever
plalit
plallerer
plambishly
plastake
plissanci
plobble
ploulant
plubbed
pluorer
poinglucuate
polbouse
pomfrop
poncrus
ponemantough
porbar
poriblecious
porwaise
pource
povilally
pranfily
prappy
preake
prebere
precker
prehimnicate
prenasserved
prenchness
pretfathous
prevind
prigre
prinfy
pripes
prodomilian
profinsanly
progoctly
prohactige
prohactird
prosonsion
provarn
prowantional
puards
puciraningly
pudencoy
punsike
purnipsful
pusmet
pybrilory
quarde
quidgingly
quike
quitidably
rabba
rabbol
raccaptibility
radad
ramsuer
ranler
ranni
ratind
raverlotiously
realiress
reassallation
recamel
reciel
recomfuled
recorrists
redemstation
redfebersion
redirble
reennest
reesage
refonging
regurner
rekasted
reloll
rematriveness
remebarry
remeft
remibeanigs
remitriveness
remma
repeap
rerivetion
reseadth
retasetulive
retess
retetifister
rethout
retlegoction
revike
rewpuse
rharp
rharse
rhebiness
riggone
rilish
rinbret
romcut
roorery
roother
rooturing
roriceltation
rortherseness
rubrorm
rudgebs
ruesteous
runelook
russying
rustcact
ruttee
ruventh
ruzer
sackgrath
saclofficated
saetif
sagorely
salds
salrition
sanemulial
sanhuncturily
sannaementagy
sanretoation
sapilviction
saralor
sarch
sariggulation
sastle
scackly
scoice
scolce
scowpoll
scraked
screerstay
scroking
seadastuness
seccivicently
secively
secketlul
sederbist
seerland
seisanless
selitats
selocioustist
selurstral
seney
seogmoxitation
seorging
serafroy
sernflacker
sestlight
setoes
seviat
sevucarly
sharmn
shasher
shaub
shende
shetts
shoarf
shoufs
shrynn
shupfully
shusdorm
sibosher
sibstesis
sidecuced
siezze
siltitromity
simecics
sinein
sinyment
sirch
sisitutracy
sispindry
sistat
sitrerer
skartless
skime
skubs
skyplilomist
slasy
sleafly
smantoy
smaunch
smonike
smousening
smusty
snanderism
snatman
sneeten
snight
snighte
snimpenly
sningle
snool
snowchoo
soatch
sockalry
socksed
socrurically
sodeter
sollwase
somladness
sonosuctapic
soosatrene
soovelor
sopying
sordifixing
sordylitis
sorviless
soxibitalive
spayden
speebove
speepness
spenge
spesk
sphawish
spickup
spinetanship
spistry
spitnise
splertly
splunic
spogret
spoping
spranche
sprantwing
spribbling
sprirk
sprorse
sprowth
spruig
spusal
squacciness
squeafer
squeinte
stadensing
stamicly
stanctoterate
starzo
statecking
statgarmonic
steasness
steekwoths
steeplestoms
stemigarly
stenvyl
steruboy
stevatol
stikist
stitably
stohound
stolutously
stonglerable
stonure
storecound
stoxulary
strathdreaker
strell
stryling
styrint
subcipor
subigier
sucbitol
sucey
sudgover
sugulist
sulmetry
sumsuctible
sunlache
sunlecutor
sunothy
suntleist
suntlide
sunusy
supaps
superbidval
surtover
survome
suscastion
sutcrenest
suttacy
suveostulopy
suverbopsion
sweenhourt
swigsiness
swismy
swucks
sylagges
symmutotoously
syndroty
synrerimation
synvilonial
sypelisiamal
syscovote
tacinike
tadbome
taeciration
talemation
tallax
talogerously
taluperously
talurination
teaver
tebslily
teentain
telid
tendograll
tersist
teshbale
thalk
thapefulness
threane
threbb
throalishly
thymicast
tidene
tidlia
tivee
togism
toluichlea
tomitumilal
tommier
tontumentalive
tossmable
towban
tozechs
trabemer
traithling
transhest
transmocure
trassfierer
trathnollation
trawlte
tretet
triba
trirm
troar
troxulingly
trudes
truesern
truretul
turthey
twapes
tweck
twistwasse
tycroerustric
tylohiously
tylufalintic
tynediable
tynepromia
tythfall
ucitals
ughorn
umiboty
ummer
unburgades
undercestonness
underdrupts
undirridoed
undresqued
ungrattan
uniporms
unlontered
unrerting
unrumviness
unsecinstratone
untaldra
unvastefedness
unverk
unvoipy
ursufiously
uslipt
ussling
vadolina
valiaur
vanbetal
vangint
vedidy
vefeared
velseness
vemptly
vergirt
veseelively
vesoor
vioclathy
voliks
voonperder
vultilally
vuneris
vurseless
wabtle
wadfer
waice
wanget
washbebs
wasple
wawly
weapting
weatch
wegus
werefobs
werned
whaputator
whipelap
whomapeatic
wiand
winsact
wodilla
wolatrous
wonserbisly
wooddrair
worntanlill
wosty
wreart
xedan
yocate
yopping
youne
zawdge
zellox
zomel